[
    {
        "日期": "2023/5/9",
        "事务": "交宿舍费",
        "事务金额": "180",
        "余额": "180.5",
        "备注": "人均30元"
    },
    {
        "日期": "2023/5/9",
        "事务": "交水费",
        "事务金额": "-33",
        "余额": "147.5",
        "备注": "小平x2+小黄x1"
    },
    {
        "日期": "2023/5/12",
        "事务": "交水费",
        "事务金额": "-11",
        "余额": "136.5",
        "备注": "小王x1"
    }
]